elapsed_time_s,pulse_height_V
0.169,0.220720
0.406,0.338207
0.406,0.297821
0.406,0.161977
0.406,0.518108
0.682,0.481393
0.682,0.521779
0.682,0.150962
0.682,0.150962
0.682,0.587865
0.682,1.267084
0.988,0.231734
0.988,0.536465
0.988,0.150962
0.988,0.261106
0.988,0.485065
0.988,0.213377
1.305,0.165648
1.305,0.206034
1.306,0.161977
1.306,0.297821
1.306,0.150962
1.306,0.184006
1.614,0.150962
1.614,0.334535
1.614,0.150962
1.614,0.202363
1.614,0.184006
1.897,0.363907
1.897,0.470379
1.897,0.338207
1.897,0.154634
1.897,0.437336
1.897,0.257435
1.897,0.154634
1.897,0.297821
2.204,0.400621
2.204,0.257435
2.204,0.356564
2.204,0.150962
2.204,0.198691
2.204,0.452021
2.204,0.169320
2.204,0.169320
2.523,0.176663
2.523,0.382264
2.523,0.455693
2.523,0.150962
2.523,0.202363
2.523,0.150962
2.523,0.422650
2.523,0.235406
2.821,0.349221
2.821,0.220720
2.821,0.316178
2.821,0.455693
2.821,0.169320
2.821,0.198691
3.089,0.407964
3.089,0.239077
3.089,0.246420
3.089,0.150962
3.089,0.206034
3.089,0.734723
3.089,0.418978
3.089,0.268449
3.393,0.150962
3.393,0.195020
3.393,0.154634
3.393,0.422650
3.393,0.191348
3.393,0.334535
3.665,0.341878
3.665,0.198691
3.665,0.407964
3.665,0.360235
3.665,0.154634
3.665,0.187677
4.011,0.407964
4.011,0.206034
4.011,0.161977
4.011,0.338207
4.011,0.165648
4.011,0.330864
4.281,0.474050
4.281,0.363907
4.281,0.202363
4.281,0.294149
4.281,0.176663
4.281,0.448350
4.281,0.352892
4.585,0.209706
4.585,0.286806
4.585,0.150962
4.854,0.488736
4.854,0.191348
4.854,0.161977
4.854,0.437336
4.854,0.459364
4.854,0.404293
4.854,0.206034
4.854,0.202363
4.854,0.198691
5.198,0.485065
5.198,0.422650
5.198,0.150962
5.198,0.279463
5.198,0.206034
5.470,0.411636
5.470,0.198691
5.470,0.150962
5.470,0.264777
5.470,0.206034
5.470,0.150962
5.776,0.407964
5.776,0.415307
5.776,0.261106
5.776,0.158305
5.776,0.165648
5.776,0.202363
6.045,0.154634
6.045,0.165648
6.045,0.444679
6.045,0.492407
6.045,0.360235
6.045,0.415307
6.388,0.150962
6.388,0.297821
6.388,0.213377
6.388,0.184006
6.388,0.202363
6.388,0.283135
6.388,0.250092
6.388,0.444679
6.659,0.426321
6.659,0.290478
6.659,0.268449
6.659,0.400621
6.659,0.217049
6.973,0.180334
6.973,1.087183
6.973,0.352892
6.973,0.154634
6.973,0.231734
6.973,0.150962
6.973,0.154634
7.243,0.195020
7.243,0.187677
7.243,0.411636
7.243,0.176663
7.243,0.308835
7.243,1.186312
7.588,0.180334
7.588,0.172991
7.588,0.172991
7.852,0.176663
7.852,0.363907
7.852,0.429993
7.852,0.452021
7.852,0.338207
7.852,0.275792
8.154,0.165648
8.154,0.290478
8.154,0.198691
8.154,0.158305
8.154,0.253763
8.154,0.191348
8.418,0.154634
8.418,0.202363
8.418,0.330864
8.418,0.463036
8.418,0.481393
8.762,0.264777
8.762,0.620908
8.762,0.191348
8.762,0.290478
8.762,0.161977
9.026,0.385935
9.026,0.264777
9.026,0.158305
9.026,0.418978
9.026,0.191348
9.026,0.154634
9.026,0.154634
9.332,0.598880
9.332,0.257435
9.332,0.323521
9.332,0.150962
9.332,0.154634
9.608,0.150962
9.608,0.150962
9.608,0.253763
9.608,0.150962
9.608,0.224392
9.608,0.198691
9.608,0.154634
9.951,0.195020
9.951,0.150962
9.951,0.154634
9.951,0.224392
9.951,0.150962
10.221,0.481393
10.221,0.411636
10.221,0.455693
10.221,0.184006
10.221,0.202363
10.221,0.150962
10.221,0.150962
10.221,0.198691
10.526,0.224392
10.526,0.231734
10.526,0.184006
10.526,0.613565
10.799,0.477722
10.799,0.161977
10.799,0.246420
10.799,0.150962
10.799,0.253763
10.799,0.165648
11.150,0.154634
11.150,0.217049
11.150,0.411636
11.150,0.158305
11.150,0.441007
11.150,0.297821
11.424,0.279463
11.424,0.455693
11.424,0.213377
11.424,0.426321
11.424,0.150962
11.736,0.176663
11.736,0.161977
11.736,0.382264
11.736,0.455693
11.736,0.169320
11.736,0.591537
12.013,0.463036
12.013,0.228063
12.013,0.150962
12.013,0.165648
12.013,0.198691
12.362,0.411636
12.362,0.158305
12.362,0.452021
12.362,0.180334
12.362,0.338207
12.362,0.646608
12.362,0.150962
12.633,0.334535
12.633,0.855881
12.633,0.463036
12.934,0.444679
12.934,0.158305
12.934,0.184006
12.934,0.161977
13.204,0.224392
13.204,0.231734
13.204,0.396950
13.204,0.499750
13.204,0.448350
13.204,0.452021
13.548,0.217049
13.548,0.470379
13.548,0.316178
13.548,0.154634
13.548,0.150962
13.548,0.308835
13.815,0.312506
13.815,0.195020
13.815,0.158305
13.815,0.154634
13.815,0.363907
14.114,0.172991
14.114,0.286806
14.114,0.345549
14.114,0.161977
14.114,0.257435
14.114,0.481393
14.381,0.235406
14.381,0.246420
14.381,0.385935
14.381,0.393278
14.381,0.150962
14.724,0.154634
14.724,0.158305
14.724,0.411636
14.724,0.154634
14.724,0.213377
14.724,0.382264
14.724,0.165648
14.989,0.444679
14.989,0.150962
14.989,0.319849
14.989,0.154634
14.989,0.422650
15.291,0.441007
15.291,0.154634
15.291,0.158305
15.291,0.374921
15.291,0.481393
15.291,0.283135
15.291,0.286806
15.560,0.268449
15.560,0.158305
15.560,0.180334
15.560,0.253763
15.560,0.150962
15.560,0.250092
15.797,0.158305
16.067,0.286806
16.067,0.257435
16.067,0.228063
16.067,0.371250
16.067,0.169320
16.067,0.496079
16.352,0.481393
16.352,0.470379
16.352,0.154634
16.352,0.301492
16.352,0.154634
16.621,0.393278
16.621,0.301492
16.621,0.385935
16.621,0.257435
16.621,0.154634
16.621,0.268449
16.892,0.202363
16.892,0.250092
16.892,0.459364
16.892,0.422650
17.238,0.213377
17.238,0.165648
17.238,0.334535
17.238,0.631923
17.238,0.374921
17.502,0.466707
17.502,0.429993
17.502,0.301492
17.502,0.150962
17.502,0.176663
17.502,0.150962
17.807,0.283135
17.807,0.154634
17.807,0.411636
17.807,0.360235
17.807,1.200998
18.077,0.411636
18.077,0.400621
18.077,0.150962
18.077,0.202363
18.077,0.312506
18.077,0.275792
18.077,0.327192
18.077,0.272120
18.419,0.154634
18.419,0.404293
18.419,0.294149
18.419,0.158305
18.419,0.165648
18.686,0.426321
18.686,0.150962
18.686,0.209706
18.686,0.224392
18.686,0.150962
18.686,0.466707
18.686,0.338207
18.987,0.154634
18.987,0.492407
18.987,0.150962
18.987,0.206034
18.987,0.150962
19.256,0.514436
19.256,0.176663
19.256,0.286806
19.256,0.290478
19.256,0.176663
19.256,0.180334
19.256,0.154634
19.256,0.158305
19.598,0.396950
19.598,0.330864
19.598,0.407964
19.598,0.231734
19.598,0.474050
19.864,0.150962
19.864,0.158305
19.864,0.477722
19.864,0.518108
19.864,0.150962
20.168,0.228063
20.168,0.569508
20.168,0.448350
20.168,0.209706
20.168,0.466707
20.168,0.150962
20.437,0.609894
20.437,0.253763
20.437,0.393278
20.437,0.150962
20.437,0.180334
20.437,0.213377
20.437,0.154634
20.782,0.158305
20.782,0.250092
20.782,0.158305
20.782,0.250092
20.782,0.319849
20.782,0.418978
21.049,0.150962
21.049,0.393278
21.049,0.150962
21.049,0.165648
21.049,0.272120
21.049,0.176663
21.049,0.195020
21.357,0.206034
21.357,0.206034
21.357,0.415307
21.357,0.242749
21.357,0.411636
21.357,0.382264
21.627,0.264777
21.627,0.161977
21.627,0.573179
21.627,0.330864
21.627,0.180334
21.627,0.172991
21.975,0.176663
21.975,0.477722
21.975,0.150962
21.975,0.154634
21.975,0.198691
22.242,0.595208
22.242,0.382264
22.242,0.169320
22.242,0.268449
22.242,0.279463
22.242,0.242749
22.546,0.150962
22.546,0.154634
22.546,0.198691
22.546,0.150962
22.546,0.279463
22.546,0.587865
22.816,0.308835
22.816,0.213377
22.816,0.463036
22.816,0.202363
22.816,0.150962
22.816,0.161977
22.816,0.206034
23.170,0.279463
23.170,0.345549
23.170,0.154634
23.170,0.452021
23.170,0.341878
23.170,0.272120
23.445,0.202363
23.445,0.202363
23.445,0.158305
23.445,0.305163
23.445,0.202363
23.445,0.338207
23.752,0.198691
23.752,0.202363
23.752,0.150962
23.752,0.308835
23.752,0.411636
23.752,0.341878
23.752,0.172991
24.028,0.463036
24.028,0.352892
24.028,0.426321
24.028,0.338207
24.028,0.429993
24.028,0.158305
24.028,0.272120
24.371,0.407964
24.371,0.195020
24.371,0.360235
24.371,1.362541
24.371,0.206034
24.371,0.301492
24.371,0.253763
24.371,0.554822
24.642,0.418978
24.642,0.327192
24.642,0.496079
24.642,0.161977
24.642,0.154634
24.642,0.180334
24.946,0.477722
24.946,0.481393
24.946,0.150962
24.946,0.206034
24.946,0.150962
25.224,0.378592
25.224,0.154634
25.224,0.150962
25.224,0.150962
25.224,0.217049
25.224,0.396950
25.455,0.169320
25.724,0.459364
25.724,0.294149
25.724,0.474050
25.724,0.154634
25.724,0.154634
25.724,0.150962
25.959,0.341878
25.959,0.150962
25.959,0.202363
25.959,0.217049
26.256,0.543808
26.256,0.415307
26.257,0.154634
26.257,0.330864
26.257,0.158305
26.494,0.172991
26.494,0.250092
26.494,0.150962
26.494,0.466707
26.494,0.400621
26.840,0.253763
26.840,0.228063
26.840,0.429993
26.840,0.356564
26.840,0.466707
26.840,0.150962
27.113,0.250092
27.113,0.195020
27.113,0.154634
27.113,0.154634
27.113,0.187677
27.113,0.301492
27.417,0.576851
27.417,0.198691
27.417,0.433664
27.417,0.172991
27.417,0.400621
27.417,0.224392
27.689,0.213377
27.689,0.319849
27.689,0.286806
27.689,0.150962
28.034,0.587865
28.034,0.393278
28.034,0.444679
28.034,0.455693
28.034,0.470379
28.034,0.158305
28.305,0.239077
28.305,0.477722
28.305,0.415307
28.305,0.338207
28.305,0.169320
28.614,0.521779
28.614,0.363907
28.614,0.154634
28.614,0.154634
28.614,0.393278
28.614,0.187677
28.893,0.385935
28.893,0.466707
28.893,0.150962
28.893,0.158305
28.893,0.235406
28.893,0.202363
29.241,0.158305
29.241,0.459364
29.241,0.150962
29.241,0.316178
29.241,0.242749
29.510,0.496079
29.510,0.195020
29.510,0.459364
29.510,0.374921
29.510,0.499750
29.510,0.154634
29.811,0.327192
29.811,0.418978
29.811,0.150962
29.811,0.198691
29.811,0.239077
29.811,0.341878
29.811,0.301492
30.085,0.463036
30.085,0.206034
30.085,0.363907
30.085,0.169320
30.085,0.382264
30.085,0.448350
30.428,0.161977
30.428,0.327192
30.428,0.312506
30.428,0.349221
30.698,0.294149
30.698,0.217049
30.698,0.466707
30.698,0.176663
30.698,0.437336
30.999,0.158305
30.999,0.305163
30.999,0.455693
30.999,0.404293
30.999,0.459364
30.999,0.220720
31.275,0.253763
31.275,0.459364
31.275,0.360235
31.275,0.213377
31.275,0.319849
31.275,0.290478
31.512,0.184006
31.787,0.312506
31.787,0.573179
31.787,0.283135
31.787,0.253763
31.787,0.316178
31.787,0.411636
32.062,0.184006
32.062,0.338207
32.062,0.250092
32.062,0.224392
32.062,0.184006
32.358,0.224392
32.358,0.176663
32.358,0.154634
32.358,0.202363
32.358,0.261106
32.358,0.209706
32.680,0.187677
32.680,0.150962
32.680,0.477722
32.680,0.319849
32.680,0.154634
32.680,0.176663
32.975,0.158305
32.975,0.150962
32.975,0.294149
32.975,0.150962
32.975,0.198691
32.975,0.191348
33.247,0.327192
33.247,0.283135
33.247,0.264777
33.247,0.172991
33.247,0.448350
33.548,0.150962
33.548,0.150962
33.548,0.455693
33.548,0.154634
33.548,0.540136
33.548,0.161977
33.548,0.393278
33.822,0.191348
33.822,0.407964
33.822,0.396950
33.822,0.150962
33.822,0.242749
33.822,0.150962
33.822,0.286806
34.180,0.176663
34.180,0.165648
34.180,0.206034
34.180,0.404293
34.180,0.169320
34.180,0.492407
34.452,0.477722
34.452,0.481393
34.452,0.452021
34.452,0.330864
34.757,0.518108
34.757,0.404293
34.757,0.198691
34.757,0.330864
34.757,0.158305
35.028,0.393278
35.028,0.150962
35.028,0.161977
35.028,0.488736
35.028,0.217049
35.384,0.261106
35.384,0.466707
35.384,0.158305
35.384,0.452021
35.384,0.150962
35.384,0.235406
35.384,0.154634
35.384,0.349221
35.656,0.470379
35.656,0.150962
35.656,0.239077
35.656,0.228063
35.656,0.327192
35.656,0.396950
35.656,0.367578
35.958,0.411636
35.958,0.154634
35.958,0.169320
35.958,0.374921
36.239,0.150962
36.239,0.224392
36.239,0.239077
36.239,0.176663
36.239,0.518108
36.587,0.617237
36.587,0.220720
36.587,0.202363
36.587,0.330864
36.587,0.176663
36.587,0.202363
36.860,0.158305
36.860,0.268449
36.860,0.584194
36.860,0.459364
36.860,0.198691
36.860,0.150962
36.860,0.154634
37.168,0.411636
37.168,0.206034
37.168,0.154634
37.168,0.433664
37.168,0.356564
37.168,0.154634
37.168,0.154634
37.439,0.235406
37.439,0.187677
37.439,0.154634
37.439,0.319849
37.439,0.154634
37.439,0.150962
37.783,0.191348
37.783,0.206034
37.783,0.345549
37.783,0.150962
37.783,0.158305
37.783,0.301492
38.053,0.180334
38.053,0.455693
38.053,0.154634
38.053,0.283135
38.053,0.290478
38.053,0.407964
38.053,0.176663
38.357,0.507093
38.357,0.231734
38.357,0.301492
38.357,0.150962
38.357,0.455693
38.357,0.154634
38.628,0.418978
38.628,0.224392
38.628,0.283135
38.628,0.257435
38.628,0.378592
38.973,0.220720
38.973,0.165648
38.973,0.158305
38.973,0.209706
38.973,0.444679
38.973,0.429993
39.247,0.198691
39.247,0.176663
39.247,0.286806
39.247,0.294149
39.247,0.312506
39.247,0.587865
39.556,0.433664
39.556,0.150962
39.556,0.161977
39.556,0.312506
39.556,0.209706
39.556,0.176663
39.831,0.275792
39.831,0.279463
39.831,0.150962
39.831,0.437336
40.176,0.150962
40.176,0.228063
40.176,0.184006
40.176,0.191348
40.176,0.150962
40.449,0.213377
40.449,0.202363
40.449,0.231734
40.449,0.150962
40.449,0.161977
40.449,0.290478
40.449,0.220720
40.753,0.400621
40.753,0.150962
40.753,0.459364
40.753,0.150962
40.753,0.228063
40.753,0.415307
41.025,0.169320
41.025,0.161977
41.025,0.150962
41.025,0.452021
41.025,0.165648
41.264,0.176663
41.264,0.154634
41.549,0.264777
41.549,0.470379
41.549,0.213377
41.549,0.459364
41.549,0.158305
41.837,0.150962
41.837,0.220720
41.837,0.396950
41.837,0.176663
41.837,0.209706
41.837,0.187677
42.135,0.360235
42.135,0.176663
42.135,0.297821
42.135,0.220720
42.135,0.231734
42.135,0.165648
42.135,0.161977
42.472,0.396950
42.472,0.150962
42.472,0.158305
42.472,0.426321
42.472,0.407964
42.472,0.176663
42.764,0.389607
42.764,0.525451
42.764,1.263412
42.764,0.150962
42.764,0.150962
43.043,0.242749
43.043,0.470379
43.043,0.595208
43.043,0.217049
43.043,0.187677
43.043,0.154634
43.043,0.279463
43.349,0.323521
43.349,0.433664
43.349,0.169320
43.349,0.161977
43.349,0.466707
43.349,0.415307
43.349,0.180334
43.632,0.242749
43.632,0.290478
43.632,0.514436
43.632,0.463036
43.632,0.154634
43.632,0.206034
43.978,0.150962
43.978,0.161977
43.978,0.209706
43.978,0.206034
43.978,0.312506
43.978,0.161977
43.978,0.150962
44.263,0.154634
44.263,0.150962
44.263,0.301492
44.263,0.150962
44.263,0.356564
44.263,0.268449
44.263,0.341878
44.263,0.154634
44.568,0.521779
44.568,1.391913
44.568,0.150962
44.568,0.297821
44.568,0.466707
44.568,0.279463
44.568,0.231734
44.859,0.158305
44.859,0.474050
44.859,0.150962
44.859,0.356564
44.859,0.418978
45.218,0.316178
45.218,0.154634
45.218,0.345549
45.218,0.180334
45.218,0.206034
45.218,0.154634
45.218,0.297821
45.218,0.404293
45.504,0.613565
45.504,0.158305
45.504,0.206034
45.504,0.184006
45.815,0.154634
45.815,0.195020
45.815,0.591537
45.815,0.404293
45.815,0.294149
45.815,0.158305
45.815,0.184006
46.102,0.154634
46.102,0.279463
46.102,0.150962
46.102,0.154634
46.102,0.154634
46.102,0.463036
46.446,0.172991
46.446,0.385935
46.446,0.184006
46.446,0.172991
46.446,0.297821
46.446,0.150962
46.735,0.496079
46.735,0.360235
46.735,0.474050
46.735,0.385935
46.735,0.202363
46.735,1.212012
47.040,0.154634
47.040,0.202363
47.040,0.154634
47.040,0.184006
47.040,0.474050
47.040,0.217049
47.335,0.352892
47.335,0.396950
47.335,0.246420
47.335,0.503422
47.335,0.407964
47.684,0.352892
47.684,0.330864
47.684,0.338207
47.684,0.206034
47.684,0.470379
47.684,0.150962
47.684,1.336841
47.684,0.587865
47.974,0.264777
47.974,0.283135
47.974,0.165648
47.974,0.349221
47.974,0.165648
47.974,0.202363
47.974,0.444679
48.281,0.180334
48.281,0.250092
48.281,0.297821
48.281,0.400621
48.281,0.180334
48.281,0.470379
48.572,0.319849
48.572,0.176663
48.572,0.187677
48.572,0.283135
48.572,0.195020
48.572,0.224392
48.922,0.404293
48.922,0.154634
48.922,0.239077
48.922,0.191348
48.922,0.239077
49.217,0.429993
49.217,0.345549
49.217,0.206034
49.217,0.235406
49.217,0.165648
49.217,0.620908
49.217,0.312506
49.217,0.187677
49.521,0.275792
49.521,0.158305
49.521,0.642937
49.521,0.158305
49.521,0.184006
49.807,0.202363
49.807,0.411636
49.807,0.154634
49.807,0.275792
49.807,0.239077
49.807,0.250092
50.152,0.158305
50.152,0.470379
50.152,0.441007
50.152,0.312506
50.152,0.154634
50.152,0.411636
50.441,0.165648
50.441,0.191348
50.441,0.154634
50.441,0.150962
50.441,0.305163
50.744,0.206034
50.744,0.154634
50.744,0.294149
50.744,0.444679
50.744,0.294149
50.744,0.385935
50.744,0.474050
50.744,0.437336
50.744,0.385935
51.030,0.279463
51.030,0.217049
51.030,0.242749
51.030,0.154634
51.030,0.426321
51.030,0.172991
51.381,0.356564
51.381,0.150962
51.381,0.426321
51.381,1.263412
51.381,0.448350
51.381,0.242749
51.661,0.246420
51.661,0.202363
51.661,0.220720
51.661,0.172991
51.661,0.242749
51.661,0.158305
51.958,0.378592
51.958,0.330864
51.958,0.330864
51.958,0.209706
52.243,0.158305
52.243,0.161977
52.243,0.150962
52.243,0.418978
52.243,0.382264
52.243,0.389607
52.595,0.389607
52.595,0.474050
52.595,0.470379
52.595,0.150962
52.595,0.422650
52.595,0.150962
52.876,0.161977
52.876,0.540136
52.876,0.323521
52.876,0.195020
52.876,0.228063
53.178,0.187677
53.178,0.352892
53.178,0.275792
53.178,0.305163
53.178,0.496079
53.178,0.150962
53.178,0.202363
53.178,0.308835
53.463,0.396950
53.463,0.407964
53.463,0.474050
53.463,0.481393
53.463,0.474050
53.463,0.184006
53.803,0.220720
53.803,0.220720
53.803,0.161977
53.803,0.396950
53.803,0.268449
54.081,0.374921
54.081,0.154634
54.081,0.411636
54.081,0.195020
54.081,0.150962
54.081,0.448350
54.377,0.393278
54.377,0.371250
54.377,0.209706
54.377,0.246420
54.377,0.161977
54.658,0.150962
54.658,0.150962
54.658,0.158305
54.658,0.305163
54.658,0.474050
54.658,0.239077
54.883,0.327192
55.169,0.172991
55.169,0.374921
55.169,0.385935
55.169,0.220720
55.169,0.202363
55.449,0.213377
55.449,0.239077
55.449,0.176663
55.449,0.202363
55.449,0.154634
55.449,0.213377
55.449,0.150962
55.449,0.206034
55.449,0.161977
55.449,0.272120
55.755,0.393278
55.755,0.161977
55.755,0.301492
55.755,0.576851
55.755,0.161977
55.755,0.150962
56.087,0.404293
56.087,0.202363
56.087,0.158305
56.087,0.459364
56.087,0.323521
56.087,0.382264
56.087,0.217049
56.087,0.191348
56.384,0.481393
56.384,0.209706
56.384,0.161977
56.384,0.283135
56.384,0.158305
56.384,0.150962
56.662,0.576851
56.662,0.191348
56.662,0.165648
56.662,0.158305
56.662,0.150962
56.662,0.202363
56.958,0.463036
56.958,0.198691
56.958,0.150962
56.958,0.349221
56.958,0.396950
57.277,0.161977
57.277,0.675980
57.277,0.150962
57.277,0.360235
57.277,0.172991
57.277,0.154634
57.582,0.275792
57.582,0.272120
57.582,0.224392
57.582,0.150962
57.582,0.154634
57.582,0.242749
57.582,0.150962
57.853,0.474050
57.853,0.356564
57.853,0.272120
57.853,0.176663
57.853,0.198691
57.853,0.294149
57.853,0.268449
58.156,0.180334
58.156,0.198691
58.156,0.507093
58.157,0.161977
58.157,0.477722
58.157,0.279463
58.428,0.180334
58.428,0.250092
58.428,0.576851
58.428,0.279463
58.780,0.150962
58.780,0.253763
58.780,0.150962
58.780,0.422650
58.780,0.206034
58.780,0.459364
58.780,0.158305
58.780,0.239077
59.049,0.150962
59.049,0.158305
59.049,0.169320
59.049,0.150962
59.049,0.275792
59.357,0.209706
59.357,0.385935
59.357,0.385935
59.357,0.452021
59.357,0.150962
59.357,0.595208
59.357,0.176663
59.632,0.213377
59.632,0.455693
59.632,0.180334
59.632,0.283135
59.632,0.246420
59.632,0.172991
59.980,0.184006
59.980,0.312506
59.981,0.631923
59.981,0.415307
60.253,0.154634
60.253,0.441007
60.253,0.239077
60.253,0.286806
60.253,0.275792
60.253,0.521779
60.561,0.150962
60.561,0.158305
60.561,0.220720
60.561,0.418978
60.561,0.396950
60.561,0.184006
60.842,0.242749
60.842,0.246420
60.842,0.195020
60.842,0.195020
60.842,0.195020
60.842,0.411636
61.201,0.485065
61.201,0.158305
61.201,0.220720
61.201,0.150962
61.201,0.176663
61.201,0.235406
61.201,0.202363
61.201,0.169320
61.477,0.411636
61.477,0.239077
61.477,0.161977
61.477,0.217049
61.477,0.470379
61.781,0.187677
61.781,0.411636
61.781,0.382264
61.781,0.396950
61.781,0.598880
61.781,0.429993
62.061,0.154634
62.061,0.158305
62.061,0.154634
62.061,0.301492
62.061,0.154634
62.411,0.198691
62.411,0.150962
62.411,0.150962
62.411,0.161977
62.411,0.202363
62.411,0.242749
62.411,0.150962
62.684,0.418978
62.684,0.294149
62.684,0.253763
62.684,0.180334
62.684,0.158305
62.684,0.158305
62.988,0.437336
62.988,0.180334
62.988,0.176663
62.988,0.209706
62.988,0.198691
62.988,0.150962
62.988,0.253763
63.264,0.195020
63.264,0.150962
63.264,0.202363
63.264,0.224392
63.264,0.319849
63.264,0.195020
63.264,0.264777
63.608,0.165648
63.608,0.184006
63.608,0.378592
63.608,0.279463
63.608,0.158305
63.879,0.161977
63.879,0.158305
63.879,0.485065
63.879,0.187677
63.879,0.474050
63.879,0.209706
64.180,0.206034
64.180,0.305163
64.180,0.150962
64.180,0.470379
64.180,0.165648
64.180,0.286806
64.455,0.158305
64.455,0.191348
64.455,0.305163
64.455,0.228063
64.455,0.228063
64.455,0.158305
64.802,0.198691
64.802,0.411636
64.802,0.459364
64.802,0.180334
64.802,0.481393
64.802,0.389607
64.802,0.411636
65.076,0.272120
65.076,0.257435
65.076,0.264777
65.076,0.150962
65.076,0.220720
65.382,0.488736
65.382,0.268449
65.382,0.161977
65.382,0.172991
65.382,0.312506
65.382,0.202363
65.658,0.385935
65.658,0.169320
65.658,0.301492
65.658,0.250092
65.658,0.213377
66.003,0.150962
66.003,0.275792
66.003,0.411636
66.003,0.165648
66.003,0.474050
66.003,0.323521
66.003,0.206034
66.277,0.180334
66.277,0.191348
66.277,0.290478
66.277,0.242749
66.277,0.345549
66.277,0.228063
66.589,0.154634
66.589,0.400621
66.589,0.150962
66.589,0.150962
66.589,0.470379
66.589,0.294149
66.589,0.150962
66.860,0.161977
66.860,0.228063
66.860,0.154634
66.860,0.474050
67.205,0.345549
67.205,0.411636
67.205,0.158305
67.205,0.400621
67.205,0.422650
67.205,0.220720
67.476,0.297821
67.476,0.180334
67.476,0.301492
67.476,0.261106
67.476,0.444679
67.476,0.202363
67.476,0.165648
67.776,0.459364
67.776,0.459364
67.776,0.503422
67.776,0.154634
67.776,0.540136
68.041,0.202363
68.041,0.206034
68.041,0.294149
68.277,0.330864
68.545,0.301492
68.545,0.477722
68.545,0.455693
68.545,0.198691
68.545,0.341878
68.545,0.396950
68.826,0.202363
68.826,0.283135
68.826,0.316178
68.826,0.404293
68.826,0.338207
69.084,0.367578
69.084,0.239077
69.084,0.165648
69.084,0.308835
69.352,0.297821
69.352,0.176663
69.352,0.257435
69.352,0.294149
69.706,0.503422
69.706,0.374921
69.706,0.158305
69.706,0.217049
69.706,0.154634
69.706,0.150962
69.972,0.485065
69.972,0.202363
69.972,0.382264
69.972,0.286806
69.972,0.312506
69.972,0.463036
69.972,0.433664
69.972,0.514436
69.972,0.154634
70.272,0.176663
70.272,0.242749
70.272,0.441007
70.272,0.415307
70.544,0.150962
70.544,0.184006
70.544,0.176663
70.544,0.206034
70.544,0.180334
70.544,0.261106
70.882,0.158305
70.882,0.158305
70.882,0.404293
70.882,0.195020
70.882,0.202363
70.882,0.231734
70.882,0.161977
71.149,0.158305
71.149,0.573179
71.149,0.290478
71.149,0.165648
71.149,0.283135
71.446,0.459364
71.446,0.459364
71.446,0.474050
71.446,0.150962
71.446,0.316178
71.714,0.242749
71.714,0.172991
71.714,0.418978
71.714,0.165648
71.714,0.404293
71.714,0.172991
71.714,0.418978
72.077,0.176663
72.077,0.154634
72.077,0.195020
72.077,0.224392
72.078,0.150962
72.078,0.158305
72.078,0.514436
72.348,0.195020
72.348,0.150962
72.348,0.481393
72.348,0.150962
72.649,0.150962
72.649,0.191348
72.649,0.264777
72.649,0.158305
72.917,0.246420
72.917,0.206034
72.917,0.191348
72.917,0.150962
72.917,0.429993
73.153,0.404293
73.424,0.184006
73.424,0.213377
73.424,0.466707
73.424,0.418978
73.424,0.154634
73.424,0.150962
73.694,0.150962
73.694,0.165648
73.694,0.301492
73.694,0.415307
73.694,0.396950
73.694,0.459364
73.979,0.184006
73.979,0.514436
73.979,0.154634
73.979,0.396950
73.979,0.150962
74.243,0.532793
74.243,0.565836
74.243,0.308835
74.243,0.316178
74.243,0.316178
74.589,0.165648
74.589,0.220720
74.589,0.154634
74.589,0.459364
74.589,0.158305
74.855,0.635594
74.855,0.400621
74.855,0.488736
74.855,0.154634
74.855,0.158305
75.155,0.161977
75.155,0.150962
75.155,0.268449
75.155,0.595208
75.422,0.154634
75.422,0.422650
75.422,0.150962
75.422,0.338207
75.761,0.294149
75.761,0.184006
75.761,0.150962
75.761,0.286806
75.761,0.150962
75.761,0.184006
76.027,0.576851
76.027,0.195020
76.027,0.426321
76.027,0.165648
76.027,0.235406
76.027,0.154634
76.027,0.180334
76.027,0.198691
76.330,0.158305
76.330,0.261106
76.330,0.150962
76.330,0.165648
76.330,0.184006
76.330,0.191348
76.330,0.150962
76.599,0.239077
76.599,0.187677
76.599,0.356564
76.599,0.418978
76.599,0.272120
76.939,0.290478
76.939,0.253763
76.939,0.301492
76.939,0.360235
76.939,0.404293
76.939,0.411636
77.207,0.389607
77.207,0.191348
77.207,0.154634
77.207,0.286806
77.207,0.150962
77.207,0.150962
77.516,0.481393
77.516,0.396950
77.516,0.239077
77.516,0.308835
77.516,0.198691
77.784,0.474050
77.784,0.158305
77.784,0.415307
77.784,0.195020
77.784,1.432299
77.784,0.172991
78.126,0.224392
78.126,0.444679
78.126,0.158305
78.126,0.257435
78.126,0.250092
78.126,0.224392
78.391,0.341878
78.391,0.463036
78.391,0.150962
78.391,0.452021
78.391,0.154634
78.391,0.474050
78.694,0.180334
78.694,1.065154
78.694,0.301492
78.694,0.327192
78.694,0.172991
78.959,0.209706
78.959,0.198691
78.959,0.316178
78.959,0.422650
78.959,0.455693
78.959,0.202363
79.304,0.415307
79.304,0.231734
79.304,0.352892
79.304,0.150962
79.304,0.165648
79.304,0.191348
79.304,0.154634
79.304,0.176663
79.571,0.573179
79.571,0.220720
79.571,0.231734
79.571,0.150962
79.872,0.466707
79.872,0.290478
79.872,0.154634
79.872,0.470379
79.872,0.224392
79.872,0.308835
79.872,0.154634
80.140,0.316178
80.140,0.150962
80.140,0.312506
80.140,0.161977
80.140,0.286806
80.140,0.374921
80.481,0.187677
80.481,0.477722
80.481,0.172991
80.481,0.158305
80.481,0.389607
80.749,0.154634
80.749,0.180334
80.749,0.191348
80.749,0.195020
80.749,0.396950
80.749,0.257435
80.749,0.396950
81.051,0.150962
81.051,0.455693
81.051,0.180334
81.051,0.187677
81.322,0.231734
81.322,0.187677
81.322,0.617237
81.322,0.150962
81.322,0.158305
81.664,0.444679
81.664,0.510765
81.664,0.158305
81.664,0.231734
81.928,0.224392
81.928,0.176663
81.928,0.187677
81.928,0.191348
81.928,0.217049
82.235,0.195020
82.235,0.330864
82.235,0.316178
82.235,0.150962
82.235,0.448350
82.235,0.389607
82.505,0.165648
82.505,0.150962
82.505,0.334535
82.505,0.220720
82.505,0.246420
82.505,0.349221
82.505,0.206034
82.756,0.213377
83.008,0.150962
83.008,0.198691
83.008,0.268449
83.008,0.169320
83.008,0.176663
83.008,0.154634
83.289,0.400621
83.289,0.150962
83.289,0.154634
83.289,0.150962
83.289,0.161977
83.289,0.150962
83.585,0.444679
83.585,0.316178
83.585,0.257435
83.585,0.257435
83.585,0.231734
83.862,0.209706
83.862,0.400621
83.862,0.474050
83.862,0.172991
83.862,0.385935
84.200,0.385935
84.200,0.165648
84.200,0.257435
84.200,0.411636
84.200,0.198691
84.477,0.345549
84.478,0.150962
84.478,0.206034
84.478,0.154634
84.478,0.312506
84.478,0.587865
84.770,0.261106
84.770,0.165648
84.770,0.301492
84.770,0.756752
84.770,0.316178
85.047,0.161977
85.047,0.345549
85.047,0.268449
85.047,0.150962
85.047,0.176663
85.384,0.455693
85.384,0.433664
85.384,0.356564
85.384,0.543808
85.384,0.180334
85.658,0.165648
85.658,0.202363
85.658,0.470379
85.658,0.224392
85.658,0.404293
85.951,0.242749
85.951,0.301492
85.951,0.180334
85.951,0.411636
85.951,0.231734
86.229,0.356564
86.229,0.404293
86.229,0.161977
86.229,0.279463
86.229,0.228063
86.229,0.382264
86.562,0.327192
86.562,0.202363
86.562,0.455693
86.562,0.209706
86.562,0.158305
86.562,0.474050
86.562,0.161977
86.840,0.477722
86.840,0.154634
86.840,0.150962
86.840,0.396950
86.840,0.150962
87.133,0.400621
87.133,0.422650
87.133,0.437336
87.133,0.180334
87.133,0.209706
87.133,0.385935
87.414,0.415307
87.414,0.150962
87.414,0.154634
87.414,0.426321
87.414,0.169320
87.414,0.158305
87.414,0.154634
87.748,0.176663
87.748,0.198691
87.748,0.253763
87.748,0.268449
87.748,0.176663
87.748,0.195020
88.028,0.268449
88.028,0.172991
88.028,0.158305
88.028,0.165648
88.028,0.308835
88.327,0.532793
88.327,0.154634
88.327,0.319849
88.327,0.415307
88.327,0.400621
88.327,0.250092
88.606,0.150962
88.606,0.150962
88.606,0.429993
88.606,0.415307
88.832,0.382264
89.110,0.154634
89.110,0.161977
89.110,0.242749
89.110,0.154634
89.111,0.217049
89.111,0.327192
89.111,0.411636
89.380,0.217049
89.380,0.286806
89.380,0.250092
89.380,0.172991
89.380,0.198691
89.380,0.231734
89.380,0.411636
89.648,0.161977
89.648,0.150962
89.648,0.209706
89.648,0.452021
89.918,0.158305
89.918,0.543808
89.918,0.345549
89.918,0.389607
89.918,0.286806
89.918,0.591537
89.918,0.161977
89.918,0.198691
90.264,0.180334
90.264,0.150962
90.264,0.433664
90.264,0.150962
90.264,0.257435
90.264,0.316178
90.264,0.195020
90.533,0.327192
90.533,0.463036
90.533,0.323521
90.533,0.404293
90.533,0.154634
90.833,0.154634
90.833,0.150962
90.833,0.400621
90.833,0.327192
91.104,0.341878
91.104,0.308835
91.104,0.297821
91.104,0.463036
91.449,0.180334
91.449,0.338207
91.449,0.466707
91.449,0.319849
91.449,0.356564
91.449,0.400621
91.718,0.485065
91.718,0.213377
91.718,0.407964
91.718,0.158305
91.718,0.180334
91.718,0.158305
92.021,0.385935
92.021,0.301492
92.021,0.481393
92.021,0.396950
92.021,0.345549
92.021,0.389607
92.292,0.195020
92.292,0.165648
92.292,0.150962
92.292,0.158305
92.292,0.316178
92.292,0.165648
92.634,0.407964
92.634,0.161977
92.634,0.452021
92.634,0.206034
92.634,0.444679
92.907,0.246420
92.907,0.418978
92.907,0.220720
92.907,0.224392
92.907,0.470379
93.206,0.327192
93.206,0.429993
93.207,0.418978
93.207,0.235406
93.492,0.404293
93.492,0.195020
93.492,0.444679
93.492,0.150962
93.492,0.239077
93.492,0.474050
93.492,0.195020
93.837,0.290478
93.837,0.209706
93.837,0.169320
93.837,0.198691
93.837,0.206034
93.837,0.444679
94.106,0.158305
94.106,0.264777
94.106,0.250092
94.106,0.415307
94.106,0.400621
94.106,0.191348
94.106,0.169320
94.106,0.180334
94.106,0.452021
94.409,0.198691
94.409,0.444679
94.409,0.220720
94.409,0.477722
94.680,0.485065
94.680,0.264777
94.680,0.261106
94.680,0.492407
94.680,0.195020
94.680,0.158305
95.024,0.319849
95.024,0.150962
95.024,0.459364
95.024,0.367578
95.024,0.209706
95.024,0.217049
95.299,0.180334
95.299,0.389607
95.299,0.400621
95.299,0.231734
95.299,0.323521
95.600,0.154634
95.600,0.206034
95.600,0.580522
95.600,0.466707
95.600,0.378592
95.871,0.591537
95.871,0.158305
95.871,0.444679
95.871,0.180334
95.871,0.422650
96.215,0.161977
96.215,0.198691
96.215,0.426321
96.215,0.198691
96.215,0.206034
96.215,0.158305
96.215,0.180334
96.486,0.330864
96.486,0.187677
96.486,0.150962
96.486,0.345549
96.486,0.382264
96.786,0.198691
96.786,0.198691
96.786,0.327192
96.786,0.154634
96.786,0.161977
96.786,0.165648
96.786,0.176663
97.057,0.150962
97.057,0.154634
97.057,0.202363
97.057,0.363907
97.057,0.150962
97.299,0.154634
97.575,0.327192
97.575,0.202363
97.575,0.150962
97.575,0.198691
97.575,0.239077
97.575,0.165648
97.849,0.184006
97.849,0.444679
97.849,0.518108
97.849,0.297821
97.849,0.150962
98.149,0.444679
98.149,0.161977
98.149,0.158305
98.149,0.250092
98.470,0.165648
98.470,0.554822
98.470,0.184006
98.470,0.176663
98.470,0.206034
98.470,0.393278
98.470,0.441007
98.766,0.150962
98.766,0.165648
98.766,0.448350
98.766,0.172991
98.766,0.180334
99.047,0.165648
99.047,0.294149
99.047,0.198691
99.047,0.470379
99.047,0.176663
99.047,0.150962
99.350,0.455693
99.350,0.154634
99.350,0.297821
99.350,0.154634
99.350,0.404293
99.674,0.275792
99.674,0.239077
99.674,0.176663
99.674,0.536465
99.674,0.400621
99.674,0.253763
99.674,0.429993
99.971,0.191348
99.971,0.429993
99.971,0.176663
99.971,1.355199
99.971,0.323521
99.971,0.150962
99.971,0.441007
100.249,0.158305
100.249,0.341878
100.249,0.191348
100.249,0.400621
100.249,0.595208
100.249,0.444679
100.249,0.228063
100.249,0.411636
100.249,0.536465
100.545,0.466707
100.545,0.184006
100.545,0.499750
100.545,0.411636
100.545,0.158305
100.545,0.172991
100.545,0.459364
100.869,0.165648
100.869,0.246420
100.869,0.228063
100.869,0.206034
100.869,0.396950
100.869,0.206034
100.869,0.363907
100.869,0.316178
101.168,0.396950
101.168,0.521779
101.168,0.176663
101.168,0.261106
101.168,0.257435
101.446,0.161977
101.446,0.195020
101.446,0.165648
101.446,0.415307
101.446,0.297821
101.446,0.459364
101.446,0.172991
101.744,0.213377
101.744,0.158305
101.744,0.360235
101.744,0.180334
102.068,0.150962
102.068,0.613565
102.068,0.158305
102.068,0.154634
102.068,0.176663
102.068,0.481393
102.367,0.308835
102.367,0.415307
102.367,0.477722
102.367,0.180334
102.367,0.206034
102.367,0.150962
102.644,0.235406
102.644,0.161977
102.644,0.191348
102.644,0.150962
102.644,0.308835
102.644,0.150962
102.644,0.455693
102.942,0.264777
102.942,0.176663
102.942,0.437336
102.942,0.198691
102.942,0.165648
103.273,0.415307
103.273,0.150962
103.273,0.371250
103.273,0.154634
103.273,0.150962
103.273,0.217049
103.571,0.466707
103.571,0.154634
103.571,0.169320
103.571,0.485065
103.571,0.161977
103.571,0.154634
103.846,0.371250
103.846,0.158305
103.846,0.191348
103.846,0.176663
103.846,0.184006
104.144,0.360235
104.144,0.158305
104.144,1.237712
104.144,0.198691
104.144,0.202363
104.144,0.154634
104.144,0.169320
104.474,0.349221
104.474,0.319849
104.474,0.154634
104.474,0.496079
104.474,0.426321
104.474,0.257435
104.775,0.525451
104.775,0.206034
104.775,0.305163
104.775,0.404293
104.775,0.349221
104.775,0.264777
104.775,0.404293
105.053,0.172991
105.053,0.275792
105.053,0.290478
105.053,0.507093
105.053,0.272120
105.053,0.191348
105.353,0.371250
105.353,0.161977
105.353,0.180334
105.353,0.642937
105.353,0.294149
105.676,0.154634
105.677,0.150962
105.677,0.382264
105.677,0.217049
105.677,0.228063
105.677,0.165648
105.677,0.198691
105.972,0.426321
105.972,0.176663
105.972,0.239077
105.972,0.415307
105.972,0.407964
106.241,0.455693
106.241,0.396950
106.241,0.290478
106.241,0.609894
106.241,0.323521
106.241,0.228063
106.557,0.154634
106.557,0.470379
106.557,0.441007
106.557,0.286806
106.557,0.257435
106.557,0.180334
106.872,0.180334
106.872,0.279463
106.872,0.154634
106.872,0.396950
106.872,0.198691
106.872,0.327192
107.176,0.158305
107.176,0.250092
107.176,0.316178
107.176,0.242749
107.176,0.529122
107.176,0.191348
107.448,0.261106
107.448,0.158305
107.448,0.224392
107.448,0.150962
107.448,0.345549
107.753,0.433664
107.753,0.496079
107.753,0.231734
107.753,0.150962
107.753,0.150962
107.753,0.231734
107.753,0.198691
108.023,0.330864
108.023,0.415307
108.023,1.167954
108.023,0.198691
108.023,0.198691
108.023,0.161977
108.373,0.305163
108.373,0.470379
108.373,0.257435
108.373,0.429993
108.373,0.242749
108.644,0.275792
108.644,0.477722
108.644,0.206034
108.644,0.154634
108.644,0.198691
108.644,0.150962
108.946,0.150962
108.946,0.481393
108.946,0.418978
108.946,0.202363
108.946,0.448350
109.217,0.154634
109.217,0.470379
109.217,0.371250
109.217,0.360235
109.217,0.198691
109.561,0.195020
109.561,0.224392
109.561,0.316178
109.561,0.411636
109.561,0.396950
109.561,0.176663
109.561,0.481393
109.562,0.275792
109.839,0.154634
109.839,0.250092
109.839,0.382264
109.839,0.275792
109.839,0.176663
109.839,0.220720
110.145,0.283135
110.145,0.305163
110.145,0.455693
110.145,0.154634
110.145,0.195020
110.145,0.231734
110.145,0.169320
110.145,0.400621
110.419,0.150962
110.419,0.206034
110.419,0.165648
110.419,0.352892
110.419,0.378592
110.758,0.455693
110.758,0.176663
110.758,0.180334
110.758,0.235406
110.758,0.158305
111.031,0.213377
111.031,0.463036
111.031,0.176663
111.031,0.150962
111.031,0.172991
111.031,0.286806
111.031,0.176663
111.334,0.195020
111.334,0.172991
111.334,0.411636
111.334,0.191348
111.334,0.407964
111.334,0.158305
111.604,0.209706
111.604,0.338207
111.604,0.158305
111.604,0.209706
111.604,0.624580
111.604,0.345549
111.940,0.477722
111.940,0.150962
111.940,0.382264
112.211,0.191348
112.211,0.154634
112.211,0.290478
112.211,0.169320
112.211,0.206034
112.513,0.220720
112.514,0.444679
112.514,0.202363
112.514,0.404293
112.514,0.268449
112.514,0.202363
112.514,0.154634
112.789,0.466707
112.789,0.180334
112.789,0.150962
112.789,0.150962
112.789,0.180334
112.789,0.191348
113.139,0.407964
113.139,0.587865
113.139,0.150962
113.139,0.187677
113.139,0.261106
113.139,0.485065
113.407,0.154634
113.407,0.195020
113.407,0.150962
113.407,0.180334
113.710,0.305163
113.710,0.363907
113.710,0.264777
113.710,0.165648
113.710,0.396950
113.710,0.154634
113.710,0.235406
113.978,0.202363
113.978,0.250092
113.978,0.396950
113.978,0.206034
113.978,0.272120
113.978,0.242749
113.978,0.172991
114.321,0.415307
114.321,0.224392
114.321,0.429993
114.321,0.150962
114.321,0.514436
114.321,0.404293
114.592,0.448350
114.592,0.161977
114.592,0.150962
114.592,0.521779
114.891,0.452021
114.891,0.150962
114.891,0.202363
114.891,0.176663
114.891,0.389607
114.891,0.466707
114.891,0.172991
115.169,0.198691
115.169,0.195020
115.169,0.235406
115.169,0.319849
115.521,0.411636
115.521,0.283135
115.521,0.150962
115.521,0.150962
115.521,0.268449
115.790,0.374921
115.790,0.341878
115.790,0.455693
115.790,0.257435
115.790,0.657623
116.089,0.338207
116.089,0.448350
116.089,0.407964
116.089,0.165648
116.089,0.154634
116.089,0.396950
116.360,0.195020
116.360,0.338207
116.360,0.415307
116.360,0.499750
116.700,0.202363
116.700,0.150962
116.700,0.470379
116.700,0.150962
116.968,0.231734
116.968,0.283135
116.968,0.330864
116.968,0.150962
117.270,0.418978
117.270,0.452021
117.270,0.206034
117.270,0.415307
117.270,0.172991
117.270,0.169320
117.543,0.172991
117.543,0.187677
117.543,0.198691
117.543,0.415307
117.543,0.187677
117.543,0.150962
117.543,0.323521
117.778,0.161977
117.778,0.206034
118.051,0.176663
118.051,0.206034
118.051,0.429993
118.051,0.235406
118.317,0.161977
118.317,0.172991
118.317,0.297821
118.317,0.279463
118.317,0.418978
118.317,0.257435
118.317,0.180334
118.317,0.286806
118.623,0.294149
118.623,0.206034
118.623,0.352892
118.623,0.327192
118.623,0.180334
118.933,0.279463
118.933,0.150962
118.933,0.154634
118.933,0.154634
118.933,0.150962
118.933,0.154634
118.933,0.195020
119.237,0.191348
119.237,0.411636
119.237,0.224392
119.237,0.363907
119.237,0.463036
119.237,0.272120
119.237,0.371250
119.510,0.184006
119.510,0.323521
119.510,0.411636
119.510,0.150962
119.510,0.330864
119.812,0.176663
119.812,0.172991
119.812,0.161977
119.812,0.150962
119.812,0.481393
119.812,0.161977
119.812,0.154634
